[
    {
        "model": "pretixbase.itemcategory",
        "pk": 1,
        "fields": {
            "event": 1,
            "name": "{\"en\": \"Event Tickets\", \"fr\": \"Billets d'\\u00e9v\\u00e9nement\"}",
            "internal_name": null,
            "description": "{}",
            "position": 0,
            "is_addon": false
        }
    },
    {
        "model": "pretixbase.itemcategory",
        "pk": 2,
        "fields": {
            "event": 1,
            "name": "{\"en\": \"Accompanied Minor Tickets\", \"fr\": \"Billets Mineur Accompagn\\u00e9\"}",
            "internal_name": null,
            "description": "{}",
            "position": 0,
            "is_addon": true
        }
    },
    {
        "model": "pretixbase.itemcategory",
        "pk": 3,
        "fields": {
            "event": 1,
            "name": "{\"en\": \"Vehicle Passes\", \"fr\": \"Laissez-passer pour v\\u00e9hicules\"}",
            "internal_name": null,
            "description": "{}",
            "position": 0,
            "is_addon": true
        }
    },
    {
        "model": "pretixbase.itemcategory",
        "pk": 4,
        "fields": {
            "event": 1,
            "name": "{\"en\": \"Pay it Forward\", \"fr\": \"Payer Avant\"}",
            "internal_name": null,
            "description": "{}",
            "position": 0,
            "is_addon": true
        }
    },
    {
        "model": "pretixbase.itemcategory",
        "pk": 5,
        "fields": {
            "event": 1,
            "name": "{\"en\": \"Special Tickets\", \"fr\": \"Billets sp\\u00e9ciaux\"}",
            "internal_name": null,
            "description": "{}",
            "position": 0,
            "is_addon": false
        }
    },
    {
        "model": "pretixbase.itemcategory",
        "pk": 6,
        "fields": {
            "event": 1,
            "name": "{\"en\": \"RV Passes\", \"fr\": \"Laissez-passer pour VR\"}",
            "internal_name": null,
            "description": "{}",
            "position": 0,
            "is_addon": false
        }
    },
    {
        "model": "pretixbase.item",
        "pk": 1,
        "fields": {
            "event": 1,
            "category": 1,
            "name": "{\"en\": \"Regular ticket\", \"fr\": \"Billet r\\u00e9gulier\"}",
            "internal_name": null,
            "active": true,
            "description": "{}",
            "default_price": "160.00",
            "free_price": false,
            "tax_rule": 1,
            "admission": true,
            "personalized": true,
            "generate_tickets": null,
            "allow_waitinglist": true,
            "show_quota_left": null,
            "position": 0,
            "picture": "",
            "available_from": null,
            "available_until": null,
            "hidden_if_available": null,
            "require_voucher": false,
            "require_approval": false,
            "hide_without_voucher": false,
            "require_bundling": false,
            "allow_cancel": true,
            "min_per_order": null,
            "max_per_order": null,
            "checkin_attention": false,
            "original_price": null,
            "sales_channels": "['web']",
            "issue_giftcard": false,
            "require_membership": false,
            "require_membership_hidden": false,
            "grant_membership_type": null,
            "grant_membership_duration_like_event": true,
            "grant_membership_duration_days": 0,
            "grant_membership_duration_months": 0,
            "validity_mode": null,
            "validity_fixed_from": null,
            "validity_fixed_until": null,
            "validity_dynamic_duration_minutes": null,
            "validity_dynamic_duration_hours": null,
            "validity_dynamic_duration_days": null,
            "validity_dynamic_duration_months": null,
            "validity_dynamic_start_choice": false,
            "validity_dynamic_start_choice_day_limit": null,
            "media_policy": null,
            "media_type": null,
            "require_membership_types": []
        }
    },
    {
        "model": "pretixbase.item",
        "pk": 2,
        "fields": {
            "event": 1,
            "category": 1,
            "name": "{\"en\": \"Directed Group Sale Ticket\", \"fr\": \"Billet de vente de groupe dirig\\u00e9e\"}",
            "internal_name": null,
            "active": true,
            "description": "{}",
            "default_price": "160.00",
            "free_price": false,
            "tax_rule": 1,
            "admission": true,
            "personalized": true,
            "generate_tickets": null,
            "allow_waitinglist": false,
            "show_quota_left": null,
            "position": 1,
            "picture": "",
            "available_from": null,
            "available_until": null,
            "hidden_if_available": null,
            "require_voucher": true,
            "require_approval": false,
            "hide_without_voucher": true,
            "require_bundling": false,
            "allow_cancel": true,
            "min_per_order": null,
            "max_per_order": null,
            "checkin_attention": false,
            "original_price": null,
            "sales_channels": "['web']",
            "issue_giftcard": false,
            "require_membership": false,
            "require_membership_hidden": false,
            "grant_membership_type": null,
            "grant_membership_duration_like_event": true,
            "grant_membership_duration_days": 0,
            "grant_membership_duration_months": 0,
            "validity_mode": null,
            "validity_fixed_from": null,
            "validity_fixed_until": null,
            "validity_dynamic_duration_minutes": null,
            "validity_dynamic_duration_hours": null,
            "validity_dynamic_duration_days": null,
            "validity_dynamic_duration_months": null,
            "validity_dynamic_start_choice": false,
            "validity_dynamic_start_choice_day_limit": null,
            "media_policy": null,
            "media_type": null,
            "require_membership_types": []
        }
    },
    {
        "model": "pretixbase.item",
        "pk": 3,
        "fields": {
            "event": 1,
            "category": 2,
            "name": "{\"en\": \"Accompanied Minor Ticket\", \"fr\": \"Billet Mineur Accompagn\\u00e9\"}",
            "internal_name": null,
            "active": true,
            "description": "{}",
            "default_price": "80.00",
            "free_price": false,
            "tax_rule": 1,
            "admission": true,
            "personalized": true,
            "generate_tickets": null,
            "allow_waitinglist": false,
            "show_quota_left": null,
            "position": 2,
            "picture": "",
            "available_from": null,
            "available_until": null,
            "hidden_if_available": null,
            "require_voucher": false,
            "require_approval": false,
            "hide_without_voucher": false,
            "require_bundling": false,
            "allow_cancel": true,
            "min_per_order": null,
            "max_per_order": null,
            "checkin_attention": true,
            "original_price": null,
            "sales_channels": "['web']",
            "issue_giftcard": false,
            "require_membership": false,
            "require_membership_hidden": false,
            "grant_membership_type": null,
            "grant_membership_duration_like_event": true,
            "grant_membership_duration_days": 0,
            "grant_membership_duration_months": 0,
            "validity_mode": null,
            "validity_fixed_from": null,
            "validity_fixed_until": null,
            "validity_dynamic_duration_minutes": null,
            "validity_dynamic_duration_hours": null,
            "validity_dynamic_duration_days": null,
            "validity_dynamic_duration_months": null,
            "validity_dynamic_start_choice": false,
            "validity_dynamic_start_choice_day_limit": null,
            "media_policy": null,
            "media_type": null,
            "require_membership_types": []
        }
    },
    {
        "model": "pretixbase.item",
        "pk": 4,
        "fields": {
            "event": 1,
            "category": 3,
            "name": "{\"en\": \"Vehicle Pass  (non-RV)\", \"fr\": \"Laissez-passer pour v\\u00e9hicule (non-VR)\"}",
            "internal_name": null,
            "active": true,
            "description": "{\"en\": \"All private passenger vehicles. For example, cars, trucks,  minivans, SUVs,  OR  box trucks of any size that are NOT needed for the purpose of supporting a theme camp's operations (at the approval of the City Department).\", \"fr\": \"Tous les v\\u00e9hicules de tourisme. Par exemple, les voitures, les camions, les monospaces, les SUV OU les camionnettes de toutes tailles qui ne sont PAS n\\u00e9cessaires pour soutenir les activit\\u00e9s d'un camp \\u00e0 th\\u00e8me (avec l'accord du service municipal).\"}",
            "default_price": "40.00",
            "free_price": false,
            "tax_rule": 1,
            "admission": false,
            "personalized": false,
            "generate_tickets": null,
            "allow_waitinglist": false,
            "show_quota_left": null,
            "position": 3,
            "picture": "",
            "available_from": null,
            "available_until": null,
            "hidden_if_available": null,
            "require_voucher": false,
            "require_approval": false,
            "hide_without_voucher": false,
            "require_bundling": false,
            "allow_cancel": true,
            "min_per_order": null,
            "max_per_order": null,
            "checkin_attention": false,
            "original_price": null,
            "sales_channels": "['web']",
            "issue_giftcard": false,
            "require_membership": false,
            "require_membership_hidden": false,
            "grant_membership_type": null,
            "grant_membership_duration_like_event": true,
            "grant_membership_duration_days": 0,
            "grant_membership_duration_months": 0,
            "validity_mode": null,
            "validity_fixed_from": null,
            "validity_fixed_until": null,
            "validity_dynamic_duration_minutes": null,
            "validity_dynamic_duration_hours": null,
            "validity_dynamic_duration_days": null,
            "validity_dynamic_duration_months": null,
            "validity_dynamic_start_choice": false,
            "validity_dynamic_start_choice_day_limit": null,
            "media_policy": null,
            "media_type": null,
            "require_membership_types": []
        }
    },
    {
        "model": "pretixbase.item",
        "pk": 5,
        "fields": {
            "event": 1,
            "category": 3,
            "name": "{\"en\": \"RV Pass Lottery Entry\", \"fr\": \"Participation \\u00e0 la loterie pour les laissez-passer pour VR\"}",
            "internal_name": null,
            "active": true,
            "description": "{\"en\": \"RV passes are by lottery, which will happen in April this year. Select this option to be added to the lottery.\\r\\n\\r\\nRV passes are $200 and are needed for any non-private passenger vehicle for the purpose of living in. For example, bus conversions, travel trailers, teardrop campers, pop-up campers, hybrid trailers, camper vans or conversion vans (Class B motorhome), Class C motorhomes OR a box truck not intended to support a theme camp\\u2019s operations.\", \"fr\": \"Les laissez-passer pour camping-car sont attribu\\u00e9s par tirage au sort, qui aura lieu en avril de cette ann\\u00e9e. S\\u00e9lectionnez cette option pour \\u00eatre ajout\\u00e9 \\u00e0 la loterie.\\r\\n\\r\\nLes laissez-passer pour camping-car co\\u00fbtent 200 $ et sont n\\u00e9cessaires pour tout v\\u00e9hicule de tourisme non priv\\u00e9 dans le but d'y vivre. Par exemple, les conversions d'autobus, les caravanes, les caravanes en forme de larme, les caravanes pliantes, les caravanes hybrides, les camping-cars ou les fourgonnettes de conversion (camping-car de classe B), les camping-cars de classe C OU un camion-caisse non destin\\u00e9 \\u00e0 soutenir les op\\u00e9rations d'un camp th\\u00e9matique.\"}",
            "default_price": "0.00",
            "free_price": false,
            "tax_rule": 1,
            "admission": false,
            "personalized": false,
            "generate_tickets": false,
            "allow_waitinglist": false,
            "show_quota_left": null,
            "position": 4,
            "picture": "",
            "available_from": null,
            "available_until": null,
            "hidden_if_available": null,
            "require_voucher": false,
            "require_approval": false,
            "hide_without_voucher": false,
            "require_bundling": false,
            "allow_cancel": true,
            "min_per_order": null,
            "max_per_order": null,
            "checkin_attention": false,
            "original_price": null,
            "sales_channels": "['web']",
            "issue_giftcard": false,
            "require_membership": false,
            "require_membership_hidden": false,
            "grant_membership_type": null,
            "grant_membership_duration_like_event": true,
            "grant_membership_duration_days": 0,
            "grant_membership_duration_months": 0,
            "validity_mode": null,
            "validity_fixed_from": null,
            "validity_fixed_until": null,
            "validity_dynamic_duration_minutes": null,
            "validity_dynamic_duration_hours": null,
            "validity_dynamic_duration_days": null,
            "validity_dynamic_duration_months": null,
            "validity_dynamic_start_choice": false,
            "validity_dynamic_start_choice_day_limit": null,
            "media_policy": null,
            "media_type": null,
            "require_membership_types": []
        }
    },
    {
        "model": "pretixbase.item",
        "pk": 6,
        "fields": {
            "event": 1,
            "category": 4,
            "name": "{\"en\": \"Pay it Forward\", \"fr\": \"Payer Avant\"}",
            "internal_name": null,
            "active": true,
            "description": "{}",
            "default_price": "25.00",
            "free_price": false,
            "tax_rule": 1,
            "admission": false,
            "personalized": false,
            "generate_tickets": false,
            "allow_waitinglist": false,
            "show_quota_left": null,
            "position": 5,
            "picture": "",
            "available_from": null,
            "available_until": null,
            "hidden_if_available": null,
            "require_voucher": false,
            "require_approval": false,
            "hide_without_voucher": false,
            "require_bundling": false,
            "allow_cancel": true,
            "min_per_order": null,
            "max_per_order": null,
            "checkin_attention": false,
            "original_price": null,
            "sales_channels": "['web']",
            "issue_giftcard": false,
            "require_membership": false,
            "require_membership_hidden": false,
            "grant_membership_type": null,
            "grant_membership_duration_like_event": true,
            "grant_membership_duration_days": 0,
            "grant_membership_duration_months": 0,
            "validity_mode": null,
            "validity_fixed_from": null,
            "validity_fixed_until": null,
            "validity_dynamic_duration_minutes": null,
            "validity_dynamic_duration_hours": null,
            "validity_dynamic_duration_days": null,
            "validity_dynamic_duration_months": null,
            "validity_dynamic_start_choice": false,
            "validity_dynamic_start_choice_day_limit": null,
            "media_policy": null,
            "media_type": null,
            "require_membership_types": []
        }
    },
    {
        "model": "pretixbase.item",
        "pk": 7,
        "fields": {
            "event": 1,
            "category": 5,
            "name": "{\"en\": \"Service/Companion Animal Ticket\", \"fr\": \"Description de l'animal d'assistance/de compagnie\"}",
            "internal_name": null,
            "active": true,
            "description": "{}",
            "default_price": "0.00",
            "free_price": false,
            "tax_rule": 1,
            "admission": false,
            "personalized": false,
            "generate_tickets": true,
            "allow_waitinglist": false,
            "show_quota_left": null,
            "position": 6,
            "picture": "",
            "available_from": null,
            "available_until": null,
            "hidden_if_available": null,
            "require_voucher": true,
            "require_approval": false,
            "hide_without_voucher": true,
            "require_bundling": false,
            "allow_cancel": true,
            "min_per_order": null,
            "max_per_order": null,
            "checkin_attention": false,
            "original_price": null,
            "sales_channels": "['web']",
            "issue_giftcard": false,
            "require_membership": false,
            "require_membership_hidden": false,
            "grant_membership_type": null,
            "grant_membership_duration_like_event": true,
            "grant_membership_duration_days": 0,
            "grant_membership_duration_months": 0,
            "validity_mode": null,
            "validity_fixed_from": null,
            "validity_fixed_until": null,
            "validity_dynamic_duration_minutes": null,
            "validity_dynamic_duration_hours": null,
            "validity_dynamic_duration_days": null,
            "validity_dynamic_duration_months": null,
            "validity_dynamic_start_choice": false,
            "validity_dynamic_start_choice_day_limit": null,
            "media_policy": null,
            "media_type": null,
            "require_membership_types": []
        }
    },
    {
        "model": "pretixbase.item",
        "pk": 8,
        "fields": {
            "event": 1,
            "category": 5,
            "name": "{\"en\": \"Access Vehicle\", \"fr\": \"V\\u00e9hicule d'acc\\u00e8s\"}",
            "internal_name": null,
            "active": true,
            "description": "{}",
            "default_price": "0.00",
            "free_price": false,
            "tax_rule": 1,
            "admission": false,
            "personalized": false,
            "generate_tickets": true,
            "allow_waitinglist": false,
            "show_quota_left": null,
            "position": 7,
            "picture": "",
            "available_from": null,
            "available_until": null,
            "hidden_if_available": null,
            "require_voucher": true,
            "require_approval": false,
            "hide_without_voucher": true,
            "require_bundling": false,
            "allow_cancel": true,
            "min_per_order": null,
            "max_per_order": null,
            "checkin_attention": false,
            "original_price": null,
            "sales_channels": "['web']",
            "issue_giftcard": false,
            "require_membership": false,
            "require_membership_hidden": false,
            "grant_membership_type": null,
            "grant_membership_duration_like_event": true,
            "grant_membership_duration_days": 0,
            "grant_membership_duration_months": 0,
            "validity_mode": null,
            "validity_fixed_from": null,
            "validity_fixed_until": null,
            "validity_dynamic_duration_minutes": null,
            "validity_dynamic_duration_hours": null,
            "validity_dynamic_duration_days": null,
            "validity_dynamic_duration_months": null,
            "validity_dynamic_start_choice": false,
            "validity_dynamic_start_choice_day_limit": null,
            "media_policy": null,
            "media_type": null,
            "require_membership_types": []
        }
    },
    {
        "model": "pretixbase.item",
        "pk": 9,
        "fields": {
            "event": 1,
            "category": 5,
            "name": "{\"en\": \"Early Access Pass\", \"fr\": \"Passe d'acc\\u00e8s anticip\\u00e9\"}",
            "internal_name": null,
            "active": true,
            "description": "{}",
            "default_price": "0.00",
            "free_price": false,
            "tax_rule": 1,
            "admission": false,
            "personalized": false,
            "generate_tickets": true,
            "allow_waitinglist": false,
            "show_quota_left": null,
            "position": 8,
            "picture": "",
            "available_from": null,
            "available_until": null,
            "hidden_if_available": null,
            "require_voucher": true,
            "require_approval": false,
            "hide_without_voucher": true,
            "require_bundling": false,
            "allow_cancel": true,
            "min_per_order": null,
            "max_per_order": null,
            "checkin_attention": false,
            "original_price": null,
            "sales_channels": "['web']",
            "issue_giftcard": false,
            "require_membership": false,
            "require_membership_hidden": false,
            "grant_membership_type": null,
            "grant_membership_duration_like_event": true,
            "grant_membership_duration_days": 0,
            "grant_membership_duration_months": 0,
            "validity_mode": null,
            "validity_fixed_from": null,
            "validity_fixed_until": null,
            "validity_dynamic_duration_minutes": null,
            "validity_dynamic_duration_hours": null,
            "validity_dynamic_duration_days": null,
            "validity_dynamic_duration_months": null,
            "validity_dynamic_start_choice": false,
            "validity_dynamic_start_choice_day_limit": null,
            "media_policy": null,
            "media_type": null,
            "require_membership_types": []
        }
    },
    {
        "model": "pretixbase.item",
        "pk": 10,
        "fields": {
            "event": 1,
            "category": 6,
            "name": "{\"en\": \"Vehicle Pass (RV)\", \"fr\": \"Laissez-passer pour v\\u00e9hicule (VR)\"}",
            "internal_name": null,
            "active": true,
            "description": "{\"en\": \"Any non-private passenger vehicle for the purpose of living in. For example, bus conversions, travel trailers, teardrop campers, pop-up campers, hybrid trailers, camper vans or conversion vans (Class B motorhome), Class C motorhomes OR  a box truck not intended to support a theme camp\\u2019s operations.\", \"fr\": \"Tout v\\u00e9hicule de tourisme non priv\\u00e9 dans le but d'y vivre. Par exemple, les conversions d'autobus, les caravanes classiques, les camping-cars en forme de larme, les camping-cars \\u00e9ph\\u00e9m\\u00e8res, les remorques hybrides, les camping-cars ou les fourgonnettes transform\\u00e9es (camping-car de classe B), les camping-cars de classe C OU une bo\\u00eete. camion non destin\\u00e9 \\u00e0 soutenir les op\\u00e9rations d'un camp th\\u00e9matique.\"}",
            "default_price": "200.00",
            "free_price": false,
            "tax_rule": 1,
            "admission": false,
            "personalized": false,
            "generate_tickets": true,
            "allow_waitinglist": false,
            "show_quota_left": null,
            "position": 9,
            "picture": "",
            "available_from": null,
            "available_until": null,
            "hidden_if_available": null,
            "require_voucher": true,
            "require_approval": false,
            "hide_without_voucher": true,
            "require_bundling": false,
            "allow_cancel": true,
            "min_per_order": null,
            "max_per_order": null,
            "checkin_attention": false,
            "original_price": null,
            "sales_channels": "['web']",
            "issue_giftcard": false,
            "require_membership": false,
            "require_membership_hidden": false,
            "grant_membership_type": null,
            "grant_membership_duration_like_event": true,
            "grant_membership_duration_days": 0,
            "grant_membership_duration_months": 0,
            "validity_mode": null,
            "validity_fixed_from": null,
            "validity_fixed_until": null,
            "validity_dynamic_duration_minutes": null,
            "validity_dynamic_duration_hours": null,
            "validity_dynamic_duration_days": null,
            "validity_dynamic_duration_months": null,
            "validity_dynamic_start_choice": false,
            "validity_dynamic_start_choice_day_limit": null,
            "media_policy": null,
            "media_type": null,
            "require_membership_types": []
        }
    },
    {
        "model": "pretixbase.item",
        "pk": 11,
        "fields": {
            "event": 1,
            "category": 6,
            "name": "{\"en\": \"Equity RV Pass\", \"fr\": \"Passeport pour camping-car avec \\u00e9quit\\u00e9\"}",
            "internal_name": null,
            "active": true,
            "description": "{\"en\": \"Any non-private passenger vehicle for the purpose of living in. For example, bus conversions, travel trailers, teardrop campers, pop-up campers, hybrid trailers, camper vans or conversion vans (Class B motorhome), Class C motorhomes OR  a box truck not intended to support a theme camp\\u2019s operations.\", \"fr\": \"Tout v\\u00e9hicule de tourisme non priv\\u00e9 dans le but d'y vivre. Par exemple, les conversions d'autobus, les caravanes classiques, les camping-cars en forme de larme, les camping-cars \\u00e9ph\\u00e9m\\u00e8res, les remorques hybrides, les camping-cars ou les fourgonnettes transform\\u00e9es (camping-car de classe B), les camping-cars de classe C OU une bo\\u00eete. camion non destin\\u00e9 \\u00e0 soutenir les op\\u00e9rations d'un camp th\\u00e9matique.\"}",
            "default_price": "200.00",
            "free_price": false,
            "tax_rule": 1,
            "admission": false,
            "personalized": false,
            "generate_tickets": true,
            "allow_waitinglist": false,
            "show_quota_left": null,
            "position": 10,
            "picture": "",
            "available_from": null,
            "available_until": null,
            "hidden_if_available": null,
            "require_voucher": true,
            "require_approval": false,
            "hide_without_voucher": true,
            "require_bundling": false,
            "allow_cancel": true,
            "min_per_order": null,
            "max_per_order": null,
            "checkin_attention": false,
            "original_price": null,
            "sales_channels": "['web']",
            "issue_giftcard": false,
            "require_membership": false,
            "require_membership_hidden": false,
            "grant_membership_type": null,
            "grant_membership_duration_like_event": true,
            "grant_membership_duration_days": 0,
            "grant_membership_duration_months": 0,
            "validity_mode": null,
            "validity_fixed_from": null,
            "validity_fixed_until": null,
            "validity_dynamic_duration_minutes": null,
            "validity_dynamic_duration_hours": null,
            "validity_dynamic_duration_days": null,
            "validity_dynamic_duration_months": null,
            "validity_dynamic_start_choice": false,
            "validity_dynamic_start_choice_day_limit": null,
            "media_policy": null,
            "media_type": null,
            "require_membership_types": []
        }
    },
    {
        "model": "pretixbase.itemvariation",
        "pk": 2,
        "fields": {
            "item": 3,
            "value": "{\"en\": \"Accompanied Minor Ticket (13-17 years old)\", \"fr\": \"Billet Mineur Accompagn\\u00e9 (13-17 ans)\"}",
            "active": true,
            "description": "{}",
            "position": 0,
            "default_price": "80.00",
            "original_price": null,
            "require_approval": false,
            "require_membership": false,
            "require_membership_hidden": false,
            "available_from": null,
            "available_until": null,
            "sales_channels": "['web']",
            "hide_without_voucher": false,
            "checkin_attention": false,
            "require_membership_types": []
        }
    },
    {
        "model": "pretixbase.itemvariation",
        "pk": 3,
        "fields": {
            "item": 3,
            "value": "{\"en\": \"Accompanied Minor Ticket (under 13 years)\", \"fr\": \"Billet Mineur Accompagn\\u00e9 (moins de 13 ans)\"}",
            "active": true,
            "description": "{}",
            "position": 1,
            "default_price": "0.00",
            "original_price": null,
            "require_approval": false,
            "require_membership": false,
            "require_membership_hidden": false,
            "available_from": null,
            "available_until": null,
            "sales_channels": "['web']",
            "hide_without_voucher": false,
            "checkin_attention": false,
            "require_membership_types": []
        }
    },
    {
        "model": "pretixbase.itemaddon",
        "pk": 1,
        "fields": {
            "base_item": 1,
            "addon_category": 2,
            "min_count": 0,
            "max_count": 5,
            "price_included": false,
            "multi_allowed": true,
            "position": 0
        }
    },
    {
        "model": "pretixbase.itemaddon",
        "pk": 2,
        "fields": {
            "base_item": 1,
            "addon_category": 3,
            "min_count": 0,
            "max_count": 1,
            "price_included": false,
            "multi_allowed": false,
            "position": 1
        }
    },
    {
        "model": "pretixbase.itemaddon",
        "pk": 3,
        "fields": {
            "base_item": 1,
            "addon_category": 4,
            "min_count": 0,
            "max_count": 999,
            "price_included": false,
            "multi_allowed": true,
            "position": 2
        }
    },
    {
        "model": "pretixbase.itemaddon",
        "pk": 4,
        "fields": {
            "base_item": 2,
            "addon_category": 2,
            "min_count": 0,
            "max_count": 5,
            "price_included": false,
            "multi_allowed": true,
            "position": 0
        }
    },
    {
        "model": "pretixbase.itemaddon",
        "pk": 5,
        "fields": {
            "base_item": 2,
            "addon_category": 3,
            "min_count": 0,
            "max_count": 1,
            "price_included": false,
            "multi_allowed": false,
            "position": 1
        }
    },
    {
        "model": "pretixbase.itemaddon",
        "pk": 6,
        "fields": {
            "base_item": 2,
            "addon_category": 4,
            "min_count": 0,
            "max_count": 999,
            "price_included": false,
            "multi_allowed": true,
            "position": 2
        }
    },
    {
        "model": "pretixbase.question",
        "pk": 1,
        "fields": {
            "event": 1,
            "question": "{\"en\": \"This child is 3 years of age or under at the time of the event.\", \"fr\": \"Cet enfant est \\u00e2g\\u00e9 de 3 ans ou moins au moment de l\\u2019\\u00e9v\\u00e9nement.\"}",
            "identifier": "VR8PWRCE",
            "help_text": "{}",
            "type": "B",
            "required": false,
            "position": 0,
            "ask_during_checkin": false,
            "hidden": false,
            "print_on_invoice": false,
            "dependency_question": null,
            "dependency_values": "[]",
            "valid_number_min": null,
            "valid_number_max": null,
            "valid_date_min": null,
            "valid_date_max": null,
            "valid_datetime_min": null,
            "valid_datetime_max": null,
            "valid_string_length_max": null,
            "valid_file_portrait": false,
            "items": [
                3
            ]
        }
    },
    {
        "model": "pretixbase.question",
        "pk": 2,
        "fields": {
            "event": 1,
            "question": "{\"en\": \"Type of accessibility vehicle:\", \"fr\": \"Type de v\\u00e9hicule d'accessibilit\\u00e9:\"}",
            "identifier": "7MB9XQ7Z",
            "help_text": "{}",
            "type": "S",
            "required": true,
            "position": 0,
            "ask_during_checkin": false,
            "hidden": false,
            "print_on_invoice": false,
            "dependency_question": null,
            "dependency_values": "[]",
            "valid_number_min": null,
            "valid_number_max": null,
            "valid_date_min": null,
            "valid_date_max": null,
            "valid_datetime_min": null,
            "valid_datetime_max": null,
            "valid_string_length_max": null,
            "valid_file_portrait": false,
            "items": [
                8
            ]
        }
    },
    {
        "model": "pretixbase.question",
        "pk": 3,
        "fields": {
            "event": 1,
            "question": "{\"en\": \"Description of accessibility vehicle:\", \"fr\": \"Description du v\\u00e9hicule d'accessibilit\\u00e9:\"}",
            "identifier": "TTDREMBE",
            "help_text": "{}",
            "type": "S",
            "required": true,
            "position": 0,
            "ask_during_checkin": false,
            "hidden": false,
            "print_on_invoice": false,
            "dependency_question": null,
            "dependency_values": "[]",
            "valid_number_min": null,
            "valid_number_max": null,
            "valid_date_min": null,
            "valid_date_max": null,
            "valid_datetime_min": null,
            "valid_datetime_max": null,
            "valid_string_length_max": null,
            "valid_file_portrait": false,
            "items": [
                8
            ]
        }
    },
    {
        "model": "pretixbase.question",
        "pk": 4,
        "fields": {
            "event": 1,
            "question": "{\"en\": \"What size is your RV?\", \"fr\": \"Quelle est la taille de votre VR ?\"}",
            "identifier": "NAE7YDFN",
            "help_text": "{}",
            "type": "C",
            "required": true,
            "position": 0,
            "ask_during_checkin": false,
            "hidden": false,
            "print_on_invoice": false,
            "dependency_question": null,
            "dependency_values": "[]",
            "valid_number_min": null,
            "valid_number_max": null,
            "valid_date_min": null,
            "valid_date_max": null,
            "valid_datetime_min": null,
            "valid_datetime_max": null,
            "valid_string_length_max": null,
            "valid_file_portrait": false,
            "items": [
                10,
                11
            ]
        }
    },
    {
        "model": "pretixbase.question",
        "pk": 5,
        "fields": {
            "event": 1,
            "question": "{\"en\": \"Please enter the confirmation word from the Release of Waiver and Liability linked above (lower case)\", \"fr\": \"Veuillez saisir le mot de confirmation figurant sur le formulaire de d\\u00e9charge de responsabilit\\u00e9 mentionn\\u00e9 ci-dessus (en minuscules).\"}",
            "identifier": "GPLGWFGE",
            "help_text": "{}",
            "type": "S",
            "required": true,
            "position": 0,
            "ask_during_checkin": false,
            "hidden": false,
            "print_on_invoice": false,
            "dependency_question": null,
            "dependency_values": "[]",
            "valid_number_min": null,
            "valid_number_max": null,
            "valid_date_min": null,
            "valid_date_max": null,
            "valid_datetime_min": null,
            "valid_datetime_max": null,
            "valid_string_length_max": null,
            "valid_file_portrait": false,
            "items": [
                1,
                2
            ]
        }
    },
    {
        "model": "pretixbase.question",
        "pk": 6,
        "fields": {
            "event": 1,
            "question": "{\"en\": \"Please enter the confirmation word from the SideBurn Code of Conduct linked above (lower case)\", \"fr\": \"Veuillez saisir le mot de confirmation figurant dans le Code de conduite de SideBurn (lien ci-dessus) (en minuscules).\"}",
            "identifier": "GDVCPABU",
            "help_text": "{}",
            "type": "S",
            "required": true,
            "position": 0,
            "ask_during_checkin": false,
            "hidden": false,
            "print_on_invoice": false,
            "dependency_question": null,
            "dependency_values": "[]",
            "valid_number_min": null,
            "valid_number_max": null,
            "valid_date_min": null,
            "valid_date_max": null,
            "valid_datetime_min": null,
            "valid_datetime_max": null,
            "valid_string_length_max": null,
            "valid_file_portrait": false,
            "items": [
                1,
                2
            ]
        }
    },
    {
        "model": "pretixbase.question",
        "pk": 7,
        "fields": {
            "event": 1,
            "question": "{\"en\": \"Name of the Service/Companion Animal\", \"fr\": \"Nom de l'animal d'assistance/de compagnie\"}",
            "identifier": "V3R8KC8N",
            "help_text": "{}",
            "type": "S",
            "required": true,
            "position": 0,
            "ask_during_checkin": false,
            "hidden": false,
            "print_on_invoice": false,
            "dependency_question": null,
            "dependency_values": "[]",
            "valid_number_min": null,
            "valid_number_max": null,
            "valid_date_min": null,
            "valid_date_max": null,
            "valid_datetime_min": null,
            "valid_datetime_max": null,
            "valid_string_length_max": null,
            "valid_file_portrait": false,
            "items": [
                7
            ]
        }
    },
    {
        "model": "pretixbase.question",
        "pk": 8,
        "fields": {
            "event": 1,
            "question": "{\"en\": \"Description of the Service/Companion Animal\", \"fr\": \"Description de l'animal d'assistance/de compagnie\"}",
            "identifier": "YQQNUDCA",
            "help_text": "{}",
            "type": "T",
            "required": true,
            "position": 0,
            "ask_during_checkin": false,
            "hidden": false,
            "print_on_invoice": false,
            "dependency_question": null,
            "dependency_values": "[]",
            "valid_number_min": null,
            "valid_number_max": null,
            "valid_date_min": null,
            "valid_date_max": null,
            "valid_datetime_min": null,
            "valid_datetime_max": null,
            "valid_string_length_max": null,
            "valid_file_portrait": false,
            "items": [
                7
            ]
        }
    },
    {
        "model": "pretixbase.questionoption",
        "pk": 1,
        "fields": {
            "question": 4,
            "identifier": "ZXQSYMZG",
            "answer": "{\"en\": \"Small (length less than 22 feet - Camper Vans, Teardrops)\", \"fr\": \"Petits (moins de 22 pieds - Camping-cars, Caravanes Teardrop)\"}",
            "position": 0
        }
    },
    {
        "model": "pretixbase.questionoption",
        "pk": 2,
        "fields": {
            "question": 4,
            "identifier": "WLNPBVPS",
            "answer": "{\"en\": \"Medium (length from 23-30 feet - Class C, Mid Trailers)\", \"fr\": \"Moyen (longueur de 23 \\u00e0 30 pieds - Classe C, remorques moyennes)\"}",
            "position": 1
        }
    },
    {
        "model": "pretixbase.questionoption",
        "pk": 3,
        "fields": {
            "question": 4,
            "identifier": "Z8CFYJJF",
            "answer": "{\"en\": \"Large (length over 31 feet - Class A, Big fifth wheels)\", \"fr\": \"Grand (plus de 31 pieds de long - Classe A, grandes caravanes \\u00e0 sellette)\"}",
            "position": 2
        }
    },
    {
        "model": "pretixbase.quota",
        "pk": 1,
        "fields": {
            "event": 1,
            "subevent": null,
            "name": "Regular ticket",
            "size": 0,
            "ignore_for_event_availability": true,
            "close_when_sold_out": false,
            "closed": false,
            "release_after_exit": false,
            "items": [
                1
            ],
            "variations": []
        }
    },
    {
        "model": "pretixbase.quota",
        "pk": 2,
        "fields": {
            "event": 1,
            "subevent": null,
            "name": "Directed Group Sale Ticket",
            "size": 500,
            "ignore_for_event_availability": false,
            "close_when_sold_out": false,
            "closed": false,
            "release_after_exit": false,
            "items": [
                2
            ],
            "variations": []
        }
    },
    {
        "model": "pretixbase.quota",
        "pk": 3,
        "fields": {
            "event": 1,
            "subevent": null,
            "name": "Accompanied Minor Tickets",
            "size": 60,
            "ignore_for_event_availability": true,
            "close_when_sold_out": false,
            "closed": false,
            "release_after_exit": false,
            "items": [
                3
            ],
            "variations": [
                2,
                3
            ]
        }
    },
    {
        "model": "pretixbase.quota",
        "pk": 4,
        "fields": {
            "event": 1,
            "subevent": null,
            "name": "Vehicle Pass  (non-RV)",
            "size": 600,
            "ignore_for_event_availability": false,
            "close_when_sold_out": false,
            "closed": false,
            "release_after_exit": false,
            "items": [
                4
            ],
            "variations": []
        }
    },
    {
        "model": "pretixbase.quota",
        "pk": 5,
        "fields": {
            "event": 1,
            "subevent": null,
            "name": "RV Pass Lottery Entry",
            "size": null,
            "ignore_for_event_availability": false,
            "close_when_sold_out": false,
            "closed": false,
            "release_after_exit": false,
            "items": [
                5
            ],
            "variations": []
        }
    },
    {
        "model": "pretixbase.quota",
        "pk": 6,
        "fields": {
            "event": 1,
            "subevent": null,
            "name": "Pay it Forward",
            "size": null,
            "ignore_for_event_availability": false,
            "close_when_sold_out": false,
            "closed": false,
            "release_after_exit": false,
            "items": [
                6
            ],
            "variations": []
        }
    },
    {
        "model": "pretixbase.quota",
        "pk": 7,
        "fields": {
            "event": 1,
            "subevent": null,
            "name": "Service/Companion Animal Ticket",
            "size": null,
            "ignore_for_event_availability": false,
            "close_when_sold_out": false,
            "closed": false,
            "release_after_exit": false,
            "items": [
                7
            ],
            "variations": []
        }
    },
    {
        "model": "pretixbase.quota",
        "pk": 8,
        "fields": {
            "event": 1,
            "subevent": null,
            "name": "Access Vehicle",
            "size": 5,
            "ignore_for_event_availability": false,
            "close_when_sold_out": false,
            "closed": false,
            "release_after_exit": false,
            "items": [
                8
            ],
            "variations": []
        }
    },
    {
        "model": "pretixbase.quota",
        "pk": 9,
        "fields": {
            "event": 1,
            "subevent": null,
            "name": "Early Access Pass",
            "size": null,
            "ignore_for_event_availability": false,
            "close_when_sold_out": false,
            "closed": false,
            "release_after_exit": false,
            "items": [
                9
            ],
            "variations": []
        }
    },
    {
        "model": "pretixbase.quota",
        "pk": 10,
        "fields": {
            "event": 1,
            "subevent": null,
            "name": "Vehicle Pass (RV)",
            "size": 0,
            "ignore_for_event_availability": false,
            "close_when_sold_out": false,
            "closed": false,
            "release_after_exit": false,
            "items": [
                10
            ],
            "variations": []
        }
    },
    {
        "model": "pretixbase.quota",
        "pk": 11,
        "fields": {
            "event": 1,
            "subevent": null,
            "name": "Equity RV Pass",
            "size": 5,
            "ignore_for_event_availability": false,
            "close_when_sold_out": false,
            "closed": false,
            "release_after_exit": false,
            "items": [
                11
            ],
            "variations": []
        }
    }
]